Common_Name,x,y,cluster,grid_x,grid_y
Abert's Towhee,6.33532190322876,4.789124488830566,22.0,9.0,8.0
Acadian Flycatcher,4.4634480476379395,7.586965560913086,15.0,6.0,15.0
Acorn Woodpecker,3.998614549636841,3.463012218475342,18.0,2.0,32.0
Adelaide's Warbler,5.140273094177246,8.007732391357422,15.0,8.0,28.0
Adelie Penguin,11.281070709228516,3.062525510787964,10.0,14.0,30.0
African Penguin,15.402254104614258,3.1610889434814453,8.0,16.0,27.0
African Pygmy-Goose,4.488770008087158,1.9785996675491333,16.0,4.0,0.0
Alder/Willow Flycatcher (Traill's Flycatcher),3.802175998687744,1.6171436309814453,16.0,2.0,15.0
Aleutian Tern,17.674575805664062,5.570384502410889,5.0,17.0,30.0
American Black Duck,7.549027919769287,2.4218242168426514,14.0,10.0,12.0
American Coot,3.7476837635040283,0.49706465005874634,17.0,2.0,0.0
American Crow,5.583303928375244,4.683579444885254,-1.0,7.0,22.0
American Goldfinch,5.949979782104492,4.330272674560547,22.0,7.0,23.0
American Kestrel,9.062185287475586,12.688820838928223,1.0,13.0,15.0
American Pipit,3.6187665462493896,5.129796028137207,25.0,3.0,22.0
American Redstart,6.689066410064697,3.1707186698913574,14.0,9.0,3.0
American Robin,3.9729843139648438,5.854121685028076,25.0,3.0,23.0
American Three-toed Woodpecker,7.536092281341553,5.979747295379639,21.0,10.0,27.0
American Tree Sparrow,3.5363433361053467,2.6856672763824463,-1.0,2.0,26.0
American White Pelican,11.477863311767578,3.4894394874572754,10.0,14.0,31.0
American Wigeon,3.579108238220215,0.6093085408210754,17.0,2.0,1.0
American Woodcock,5.022084712982178,4.599206447601318,23.0,7.0,24.0
Ancient Murrelet,11.661230087280273,3.356754779815674,10.0,15.0,22.0
Anhinga,11.679991722106934,3.3892319202423096,10.0,15.0,23.0
Anna's Hummingbird,18.494314193725586,9.945857048034668,0.0,18.0,30.0
Antarctic Petrel,11.67800235748291,3.3318166732788086,10.0,15.0,24.0
Antarctic Prion,10.86374282836914,1.7647192478179932,13.0,13.0,0.0
Antarctic Shag,13.12087631225586,2.2106118202209473,7.0,15.0,2.0
Antarctic Tern,10.812356948852539,1.9456181526184082,13.0,13.0,1.0
Antillean Crested Hummingbird,3.038510799407959,7.314284801483154,19.0,4.0,27.0
Antillean Euphonia,-25.82050323486328,-10.129199028015137,4.0,0.0,3.0
Antillean Mango,7.062514781951904,7.567312240600586,20.0,11.0,20.0
Aplomado Falcon,9.998042106628418,12.114239692687988,1.0,13.0,16.0
Arctic Loon,16.0709171295166,1.991888403892517,8.0,17.0,18.0
Arctic Tern,17.14690589904785,5.479367733001709,5.0,17.0,31.0
Arrowhead Warbler,8.23303508758545,6.9786834716796875,21.0,12.0,4.0
Ash-throated Flycatcher,4.662301540374756,7.304749488830566,15.0,6.0,16.0
Atlantic Petrel,13.579083442687988,2.1667723655700684,7.0,15.0,3.0
Atlantic Puffin,15.108772277832031,2.998664379119873,8.0,16.0,11.0
Auckland Islands Teal,10.80130672454834,1.9571062326431274,13.0,13.0,2.0
Audubon's Shearwater,17.401851654052734,-0.5184199810028076,2.0,17.0,0.0
Australian Shelduck,3.4413511753082275,0.3376307189464569,17.0,2.0,2.0
Australian Shoveler,7.155885696411133,5.017126560211182,-1.0,11.0,0.0
Bachman's Sparrow,4.399960041046143,1.9249457120895386,16.0,4.0,1.0
Baird's Sparrow,4.787593364715576,7.815547466278076,15.0,6.0,17.0
Bald Eagle,7.468991279602051,2.525442361831665,14.0,10.0,13.0
Baltimore Oriole,5.296159744262695,5.172901153564453,23.0,8.0,5.0
Bananaquit,3.060325860977173,7.251888275146484,19.0,4.0,28.0
Band-rumped Storm-Petrel,17.464262008666992,-0.5841734409332275,2.0,17.0,1.0
Band-tailed Pigeon,-25.326507568359375,-9.922420501708984,3.0,1.0,13.0
Bank Swallow,6.366815567016602,4.980788707733154,22.0,9.0,9.0
Bar-headed Goose,-25.919898986816406,-10.08099365234375,4.0,0.0,4.0
Barn Owl,8.72840690612793,13.329776763916016,1.0,12.0,23.0
Barn Swallow,7.837859153747559,7.52761173248291,20.0,11.0,21.0
Barnacle Goose,-25.82862091064453,-10.15969181060791,4.0,0.0,5.0
Barred Owl,8.822969436645508,12.326998710632324,1.0,12.0,16.0
Barrow's Goldeneye,7.990911483764648,1.4453061819076538,11.0,10.0,0.0
Bay-breasted Warbler,4.025237083435059,3.1312785148620605,18.0,5.0,17.0
Bell's Sparrow,7.45526123046875,6.474541664123535,-1.0,11.0,9.0
Bell's Vireo,4.254523754119873,7.029207229614258,-1.0,6.0,18.0
Bewick's Wren,4.5580902099609375,7.4696364402771,15.0,6.0,19.0
Bicolored Antbird,3.0288076400756836,7.31015157699585,19.0,4.0,29.0
Black Francolin,6.4012603759765625,3.0942435264587402,14.0,9.0,4.0
Black Noddy,15.824110984802246,2.2104074954986572,8.0,16.0,12.0
Black Phoebe,7.562868118286133,7.199465274810791,20.0,11.0,22.0
Black Rosy-Finch,-25.115034103393555,-10.072922706604004,3.0,0.0,6.0
Black Swan,-19.371850967407227,-9.902871131896973,-1.0,1.0,16.0
Black Swift,18.654052734375,9.97262954711914,0.0,18.0,31.0
Black Tern,18.989315032958984,9.577300071716309,0.0,18.0,32.0
Black Vulture,9.660360336303711,12.453310012817383,1.0,13.0,17.0
Black-and-white Warbler,4.150800704956055,6.637143135070801,-1.0,6.0,7.0
Black-backed Woodpecker,7.6447062492370605,6.172708988189697,21.0,11.0,10.0
Black-bellied Storm-Petrel,10.714545249938965,2.381732940673828,13.0,14.0,4.0
Black-bellied Whistling-Duck,-24.844533920288086,-10.000947952270508,3.0,1.0,7.0
Black-billed Magpie,4.692180156707764,2.5069262981414795,-1.0,5.0,0.0
Black-browed Albatross,13.16478157043457,2.245278835296631,7.0,15.0,4.0
Black-capped Chickadee,4.099494934082031,2.903850555419922,18.0,5.0,1.0
Black-capped Petrel,17.4631290435791,-0.5829434394836426,2.0,17.0,2.0
Black-capped Vireo,5.575802326202393,5.308084964752197,23.0,8.0,6.0
Black-chested Buzzard-Eagle,8.628151893615723,13.511909484863281,1.0,12.0,24.0
Black-crowned Night-Heron,17.542238235473633,5.9196248054504395,-1.0,17.0,32.0
Black-faced Antthrush,7.187613487243652,7.870107650756836,20.0,11.0,23.0
Black-faced Grassquit,3.2528514862060547,3.178925037384033,18.0,2.0,33.0
Black-footed Albatross,15.41010570526123,3.002814531326294,8.0,16.0,28.0
Black-headed Grosbeak,6.369923114776611,5.940376281738281,-1.0,9.0,20.0
Black-legged Kittiwake,13.965457916259766,2.8957135677337646,7.0,15.0,5.0
Black-necked Swan,-25.84990882873535,-10.124173164367676,4.0,0.0,7.0
Black-throated Blue Warbler,4.095070838928223,5.246577262878418,25.0,5.0,31.0
Black-throated Green Warbler,4.102914333343506,5.578394889831543,25.0,5.0,32.0
Black-vented Shearwater,15.756112098693848,2.413268804550171,8.0,16.0,13.0
Black-whiskered Vireo,3.6896657943725586,6.53708028793335,24.0,3.0,33.0
Blackburnian Warbler,4.1970744132995605,3.085554838180542,18.0,5.0,18.0
Blackpoll Warbler,3.7551534175872803,6.470632553100586,24.0,3.0,34.0
Blue Duck,19.01479148864746,9.64977741241455,0.0,19.0,15.0
Blue Grosbeak,7.529901027679443,6.03438138961792,21.0,11.0,11.0
Blue Jay,6.463593482971191,2.960341453552246,14.0,8.0,0.0
Blue Petrel,10.73763656616211,2.3828353881835938,13.0,14.0,5.0
Blue-billed Duck,7.1285858154296875,5.346080303192139,22.0,11.0,1.0
Blue-black Grosbeak,3.468137741088867,2.54081654548645,-1.0,2.0,27.0
Blue-chested Hummingbird,3.384121894836426,6.718111515045166,-1.0,3.0,35.0
Blue-crowned Manakin,3.1055381298065186,2.870840072631836,18.0,2.0,28.0
Blue-footed Booby,18.40920639038086,6.042424201965332,6.0,18.0,16.0
Blue-gray Gnatcatcher,4.590908527374268,7.714394569396973,15.0,6.0,20.0
Blue-gray Noddy,18.686813354492188,9.761944770812988,0.0,18.0,33.0
Blue-headed Vireo,3.622230052947998,3.4394943714141846,18.0,2.0,34.0
Blue-throated Mountain-gem,3.804115056991577,6.425680160522461,24.0,3.0,36.0
Blue-winged Teal,3.463127613067627,0.3609386384487152,17.0,2.0,3.0
Blue-winged Warbler,7.581678867340088,6.0713677406311035,21.0,11.0,12.0
Boat-tailed Grackle,3.941345691680908,6.505496978759766,24.0,4.0,11.0
Bobolink,4.224555969238281,3.01556396484375,18.0,5.0,19.0
Bonaparte's Gull,15.576301574707031,1.8133481740951538,8.0,16.0,0.0
Bonin Petrel,15.754263877868652,1.6596720218658447,8.0,16.0,1.0
Boreal Chickadee,18.95648956298828,9.52013111114502,0.0,18.0,34.0
Boreal Owl,9.051268577575684,12.666624069213867,1.0,13.0,18.0
Brandt's Cormorant,11.824084281921387,3.432145357131958,10.0,15.0,25.0
Brant,3.703112840652466,0.7734053134918213,17.0,2.0,4.0
Brazilian Teal,3.9632725715637207,1.7032532691955566,16.0,2.0,16.0
Brewer's Blackbird,3.557425022125244,2.73181414604187,18.0,2.0,29.0
Brewer's Sparrow,6.057221412658691,5.792422294616699,23.0,9.0,21.0
Bridled Tern,17.91248321533203,5.9212327003479,6.0,17.0,33.0
Bright-rumped Attila,5.206586837768555,3.228313684463501,22.0,7.0,5.0
Broad-billed Hummingbird,7.157832145690918,7.717225551605225,20.0,11.0,24.0
Broad-billed Prion,10.875961303710938,1.7348228693008423,13.0,13.0,3.0
Broad-winged Hawk,8.947185516357422,12.456369400024414,1.0,12.0,17.0
Bronze Mannikin,3.7934579849243164,1.5636507272720337,16.0,2.0,17.0
Brown Booby,15.566530227661133,2.6638810634613037,8.0,16.0,14.0
Brown Creeper,5.1143999099731445,5.482012748718262,23.0,8.0,7.0
Brown Noddy,16.211313247680664,1.8760435581207275,8.0,17.0,19.0
Brown Pelican,18.24954605102539,5.934138774871826,6.0,18.0,11.0
Brown Skua,10.045472145080566,12.090615272521973,1.0,14.0,32.0
Brown Teal,5.079500198364258,4.634599685668945,23.0,7.0,25.0
Brown Thrasher,9.60863208770752,3.2239089012145996,12.0,13.0,6.0
Brown-crested Flycatcher,18.96211814880371,9.552650451660156,0.0,18.0,35.0
Brown-headed Cowbird,4.962608337402344,2.9178383350372314,22.0,5.0,2.0
Brown-headed Nuthatch,3.4454293251037598,7.036101341247559,-1.0,4.0,30.0
Brown-winged Schiffornis,5.340380668640137,3.3885769844055176,22.0,7.0,6.0
Buff-breasted Flycatcher,18.96631622314453,9.585129737854004,0.0,18.0,36.0
Buff-throated Woodcreeper,5.953958034515381,8.124799728393555,-1.0,8.0,29.0
Bufflehead,7.772888660430908,1.3501927852630615,11.0,10.0,1.0
Bullock's Oriole,4.874626159667969,7.379860877990723,15.0,6.0,21.0
Bulwer's Petrel,15.9031343460083,1.7143951654434204,8.0,16.0,2.0
Burrowing Owl,8.97192668914795,12.555130004882812,1.0,12.0,18.0
Bushtit,7.069073677062988,7.907145977020264,20.0,11.0,25.0
Cactus Wren,6.963751792907715,5.412980556488037,22.0,9.0,22.0
California Gnatcatcher,4.462306976318359,7.635389804840088,15.0,6.0,22.0
California Gull,15.633569717407227,2.6025760173797607,8.0,16.0,15.0
California Quail,4.152926445007324,2.99524188041687,18.0,5.0,3.0
California Scrub-Jay,5.239842414855957,7.354604721069336,-1.0,8.0,24.0
California Thrasher,5.198787689208984,3.207906484603882,22.0,7.0,7.0
California Towhee,5.729775428771973,4.041636943817139,22.0,7.0,26.0
Canada Goose,-25.171703338623047,-10.244915008544922,3.0,0.0,8.0
Canada Jay,19.062625885009766,9.585318565368652,0.0,19.0,16.0
Canada Warbler,4.596133232116699,4.154746055603027,-1.0,5.0,25.0
Canvasback,7.735187530517578,1.3635475635528564,11.0,10.0,2.0
Canyon Towhee,4.476687908172607,1.9620519876480103,16.0,4.0,2.0
Canyon Wren,4.365114688873291,7.702232837677002,15.0,6.0,23.0
Cape Barren Goose,-25.9144287109375,-10.124327659606934,4.0,0.0,9.0
Cape Gannet,15.465465545654297,3.2163074016571045,8.0,16.0,29.0
Cape May Warbler,4.088090896606445,5.5065107345581055,25.0,5.0,33.0
Cape Petrel,13.08969783782959,2.220459222793579,7.0,15.0,6.0
Cape Shoveler,10.906883239746094,1.7031569480895996,13.0,14.0,0.0
Cape Teal,7.506427764892578,5.305055618286133,-1.0,11.0,2.0
Carib Grackle,7.555214881896973,7.662092685699463,20.0,11.0,26.0
Caribbean Elaenia,3.1715564727783203,3.216874837875366,18.0,3.0,0.0
Caribbean Martin,18.97943687438965,9.653878211975098,0.0,19.0,0.0
Carolina Chickadee,5.046501159667969,7.965374946594238,15.0,8.0,25.0
Carolina Parakeet,1.65147066116333,5.387511253356934,9.0,1.0,20.0
Carolina Wren,7.073787212371826,7.970360279083252,20.0,11.0,27.0
Cassin's Auklet,10.865614891052246,1.7618181705474854,13.0,14.0,1.0
Cassin's Kingbird,6.576897621154785,5.244934558868408,22.0,9.0,23.0
Cassin's Vireo,4.877871036529541,7.826774597167969,15.0,6.0,24.0
Cattle Egret,5.212601661682129,4.8646769523620605,23.0,7.0,27.0
Cave Swallow,19.05418586730957,9.6349515914917,0.0,19.0,17.0
Cedar Waxwing,2.160980224609375,5.344936847686768,9.0,1.0,26.0
Cerulean Warbler,19.083070755004883,9.56716251373291,0.0,19.0,18.0
Chaco Chachalaca,7.879047393798828,6.561591625213623,-1.0,11.0,13.0
Checker-throated Stipplethroat,3.0489399433135986,7.253906726837158,19.0,4.0,31.0
Chestnut Teal,3.4444901943206787,0.34393632411956787,17.0,2.0,5.0
Chestnut-backed Antbird,4.7848711013793945,7.899781703948975,15.0,6.0,25.0
Chestnut-backed Chickadee,5.812838077545166,5.660355567932129,23.0,8.0,8.0
Chestnut-collared Longspur,5.640861511230469,5.53363561630249,23.0,8.0,9.0
Chestnut-sided Warbler,7.691416263580322,6.95006799697876,20.0,11.0,14.0
Chihuahuan Raven,3.846322536468506,6.365168571472168,24.0,4.0,12.0
Chinstrap Penguin,10.626646995544434,2.648533821105957,13.0,14.0,6.0
Chipping Sparrow,4.259082794189453,6.896120071411133,-1.0,6.0,8.0
Christmas Shearwater,16.24399185180664,1.861635684967041,8.0,17.0,20.0
Chuck-will's-widow,18.90996551513672,9.882314682006836,0.0,19.0,1.0
Chukar,3.980841875076294,6.252896308898926,24.0,4.0,13.0
Cinnamon Teal,5.661288261413574,2.4815077781677246,14.0,6.0,0.0
Clapper Rail,10.677348136901855,2.6310999393463135,13.0,14.0,7.0
Clark's Grebe,18.95612907409668,9.655317306518555,0.0,19.0,2.0
Clark's Nutcracker,1.6459150314331055,5.387807369232178,9.0,1.0,21.0
Cliff Swallow,19.06908416748047,9.55952262878418,0.0,19.0,19.0
Comb Duck,-25.9191951751709,-10.04148006439209,4.0,0.0,10.0
Common Black Hawk,11.395269393920898,3.224541425704956,10.0,15.0,26.0
Common Chaffinch,4.250751972198486,2.84902024269104,18.0,5.0,4.0
Common Diving-Petrel,10.792586326599121,1.9884904623031616,13.0,14.0,2.0
Common Eider,7.819649696350098,1.544389009475708,11.0,10.0,3.0
Common Gallinule,6.5641889572143555,2.959939479827881,14.0,8.0,1.0
Common Goldeneye,8.788305282592773,1.8901461362838745,-1.0,12.0,0.0
Common Grackle,5.51404333114624,4.867879867553711,-1.0,7.0,28.0
Common Ground Dove,6.955711841583252,2.7659621238708496,14.0,8.0,2.0
Common Loon,18.352336883544922,6.001576900482178,6.0,18.0,17.0
Common Merganser,17.55769157409668,5.545221328735352,5.0,17.0,34.0
Common Murre,13.9488525390625,2.862483263015747,7.0,15.0,7.0
Common Nighthawk,19.119693756103516,9.654356002807617,0.0,19.0,20.0
Common Pauraque,19.07925033569336,9.547329902648926,0.0,19.0,21.0
Common Pochard,3.3897714614868164,0.2916189730167389,17.0,2.0,6.0
Common Poorwill,19.076261520385742,9.657544136047363,0.0,19.0,22.0
Common Raven,2.1634702682495117,5.3559980392456055,9.0,1.0,27.0
Common Redpoll,3.9181838035583496,7.279222011566162,-1.0,4.0,32.0
Common Scoter,7.820766925811768,1.3270304203033447,11.0,10.0,4.0
Common Shelduck,7.500305652618408,2.506340742111206,14.0,10.0,14.0
Common Tern,17.988073348999023,5.993081092834473,6.0,17.0,35.0
Common Yellowthroat,3.987751007080078,5.260531425476074,25.0,3.0,24.0
Connecticut Warbler,2.9895083904266357,7.349839687347412,19.0,1.0,33.0
Cook's Petrel,17.43691062927246,-0.5586322546005249,2.0,17.0,3.0
Cooper's Hawk,9.587474822998047,12.50931167602539,1.0,13.0,19.0
Cordilleran Flycatcher,7.379146099090576,7.750344276428223,20.0,11.0,28.0
Cory's Shearwater,17.551040649414062,-0.6734334230422974,2.0,17.0,4.0
Cotton Pygmy-Goose,-24.941530227661133,-10.083821296691895,3.0,1.0,8.0
Crested Auklet,13.971490859985352,2.9530837535858154,7.0,15.0,8.0
Crested Duck,10.151775360107422,3.3959317207336426,12.0,14.0,22.0
Crowned Woodnymph,3.39911150932312,6.757427215576172,-1.0,4.0,14.0
Curve-billed Thrasher,9.89333438873291,3.6136839389801025,12.0,13.0,7.0
Dark-eyed Junco,5.197770118713379,5.507774829864502,23.0,8.0,10.0
Dickcissel,3.981076955795288,1.7688647508621216,16.0,2.0,18.0
Double-crested Cormorant,17.210285186767578,5.486359596252441,5.0,17.0,36.0
Downy Woodpecker,5.309768199920654,5.468955039978027,23.0,8.0,11.0
Dusky Flycatcher,7.707849025726318,7.520748138427734,20.0,11.0,29.0
Dusky Grouse,2.245518445968628,5.310192108154297,9.0,1.0,28.0
Dusky-capped Flycatcher,5.676887512207031,8.157872200012207,-1.0,8.0,30.0
Eared Grebe,9.798110008239746,2.6985180377960205,-1.0,13.0,4.0
Eastern Bluebird,4.940311908721924,4.9154953956604,-1.0,5.0,26.0
Eastern Kingbird,3.7650935649871826,4.879019737243652,-1.0,3.0,20.0
Eastern Meadowlark,6.0774760246276855,4.565130710601807,22.0,9.0,10.0
Eastern Phoebe,4.853038787841797,4.068792343139648,-1.0,5.0,27.0
Eastern Screech-Owl,8.655454635620117,13.443244934082031,1.0,12.0,25.0
Eastern Towhee,5.345595359802246,3.373507261276245,22.0,7.0,8.0
Eastern Whip-poor-will,19.083831787109375,9.571990013122559,0.0,19.0,23.0
Eastern Wood-Pewee,7.431934833526611,7.42893648147583,20.0,11.0,30.0
Egyptian Goose,-19.4006404876709,-9.918984413146973,-1.0,1.0,17.0
Elegant Trogon,7.483897686004639,5.922445774078369,21.0,11.0,3.0
Elf Owl,8.613504409790039,13.537508964538574,1.0,12.0,26.0
Emperor Goose,-19.393163681030273,-9.881065368652344,-1.0,1.0,18.0
Emperor Penguin,15.10981273651123,2.904533863067627,8.0,16.0,16.0
Eskimo Curlew,7.725958347320557,7.525040626525879,20.0,11.0,31.0
Eurasian Linnet,-24.97589874267578,-10.076509475708008,3.0,1.0,9.0
Eurasian Wigeon,3.6802351474761963,0.7659629583358765,17.0,2.0,7.0
European Goldfinch,2.209123373031616,5.3372907638549805,9.0,1.0,29.0
European Greenfinch,4.52593994140625,2.310088634490967,16.0,5.0,5.0
European Shag,18.412364959716797,6.096429824829102,6.0,18.0,18.0
European Starling,3.596086263656616,5.139937400817871,25.0,3.0,25.0
Evening Grosbeak,6.67750358581543,5.509294033050537,22.0,9.0,24.0
Fairy Prion,10.738489151000977,2.5573647022247314,13.0,14.0,8.0
Falkland Steamer-Duck,9.999141693115234,2.57173752784729,-1.0,13.0,5.0
Ferruginous Hawk,8.978381156921387,12.834840774536133,1.0,12.0,19.0
Ferruginous Pygmy-Owl,18.793548583984375,9.941176414489746,0.0,19.0,3.0
Field Sparrow,4.686072826385498,5.644783973693848,-1.0,5.0,34.0
Flammulated Owl,7.618982315063477,7.606619358062744,20.0,11.0,32.0
Florida Scrub-Jay,-25.84031105041504,-10.086252212524414,4.0,0.0,11.0
Fork-tailed Storm-Petrel,13.972661972045898,2.9274251461029053,7.0,15.0,9.0
Fox Sparrow,8.11525821685791,6.888416767120361,21.0,12.0,5.0
Franklin's Gull,8.05862808227539,6.804475784301758,21.0,12.0,6.0
Freckled Duck,7.463283538818359,4.8153977394104,-1.0,10.0,24.0
Fulvous Whistling-Duck,-25.970745086669922,-10.011706352233887,4.0,0.0,12.0
Gadwall,-19.336477279663086,-9.917776107788086,-1.0,1.0,19.0
Galapagos Petrel,13.505254745483398,2.2218618392944336,7.0,15.0,10.0
Gambel's Quail,6.27441930770874,4.728018760681152,22.0,9.0,11.0
Garganey,-25.87401008605957,-10.019887924194336,4.0,0.0,13.0
Gentoo Penguin,11.636466026306152,3.314939260482788,10.0,15.0,27.0
Gila Woodpecker,19.069366455078125,9.641376495361328,0.0,19.0,24.0
Glaucous Gull,13.962343215942383,2.9725699424743652,7.0,15.0,11.0
Glaucous-winged Gull,15.30037784576416,2.8319032192230225,8.0,16.0,17.0
Glossy Ibis,10.763495445251465,3.531815528869629,-1.0,14.0,23.0
Golden Eagle,8.770124435424805,13.309269905090332,1.0,12.0,27.0
Golden-cheeked Warbler,18.909744262695312,9.55151081085205,0.0,19.0,4.0
Golden-collared Manakin,-25.22450828552246,-10.133530616760254,3.0,0.0,14.0
Golden-crowned Kinglet,3.9322116374969482,6.789274215698242,-1.0,4.0,15.0
Golden-crowned Sparrow,-24.95169448852539,-10.018599510192871,3.0,1.0,10.0
Grasshopper Sparrow,4.824080944061279,4.380136489868164,23.0,5.0,28.0
Gray Catbird,4.5894012451171875,3.86312198638916,-1.0,5.0,20.0
Gray Hawk,10.020163536071777,12.121919631958008,1.0,14.0,33.0
Gray Heron,17.63373565673828,5.965234279632568,-1.0,18.0,0.0
Gray Kingbird,5.8831353187561035,5.846532344818115,23.0,8.0,12.0
Gray Partridge,3.8254921436309814,3.8286736011505127,18.0,3.0,1.0
Gray-backed Tern,15.603713035583496,1.8354438543319702,8.0,16.0,3.0
Gray-cheeked Thrush,6.671932697296143,5.176088333129883,22.0,9.0,25.0
Gray-cheeked/Bicknell's Thrush,3.754018545150757,6.50331974029541,24.0,4.0,16.0
Gray-faced Petrel,15.287992477416992,3.125009059906006,8.0,16.0,30.0
Gray-headed Albatross,13.47570514678955,2.122241735458374,7.0,15.0,12.0
Gray-headed Tanager,3.3250722885131836,3.677241086959839,18.0,3.0,2.0
Graylag Goose,-25.799814224243164,-10.05906867980957,4.0,0.0,15.0
Great Black-backed Gull,17.179712295532227,5.479799270629883,5.0,18.0,1.0
Great Blue Heron,17.131101608276367,5.457639217376709,5.0,18.0,2.0
Great Cormorant,15.063519477844238,3.124927043914795,8.0,16.0,31.0
Great Crested Flycatcher,6.624716758728027,7.220633029937744,-1.0,10.0,28.0
Great Crested Grebe,5.78511905670166,4.845494747161865,-1.0,7.0,29.0
Great Egret,11.122309684753418,3.502182960510254,10.0,15.0,28.0
Great Frigatebird,10.08035659790039,12.066045761108398,1.0,14.0,34.0
Great Gray Owl,8.612340927124023,13.538692474365234,1.0,12.0,28.0
Great Horned Owl,8.863836288452148,13.106921195983887,1.0,12.0,29.0
Great Kiskadee,5.167924404144287,3.165904998779297,22.0,7.0,9.0
Great Shearwater,17.34971809387207,-0.46554940938949585,2.0,17.0,5.0
Great Skua,17.516550064086914,-0.6389069557189941,2.0,17.0,6.0
Great White Pelican,18.36454200744629,6.0048065185546875,6.0,18.0,19.0
Great-tailed Grackle,3.6960866451263428,6.560955047607422,24.0,4.0,17.0
Great-winged Petrel,17.542104721069336,-0.6644213795661926,2.0,17.0,7.0
Greater Antillean Grackle,5.445834636688232,6.292491912841797,23.0,8.0,17.0
Greater Sage-Grouse,5.445953845977783,3.5588431358337402,22.0,7.0,10.0
Greater Scaup,3.847020149230957,0.7187861204147339,17.0,2.0,8.0
Greater White-fronted Goose,-25.996936798095703,-10.170754432678223,4.0,0.0,16.0
Green Heron,11.109580993652344,3.7531886100769043,10.0,15.0,29.0
Green Jay,8.118124008178711,7.030078887939453,21.0,12.0,13.0
Green Mango,3.723162889480591,7.299733638763428,-1.0,4.0,33.0
Green Pygmy-Goose,3.7068328857421875,0.7943615913391113,17.0,2.0,9.0
Green-backed Trogon,-25.94852638244629,-10.041095733642578,4.0,0.0,17.0
Green-throated Carib,6.401010513305664,7.233369827270508,-1.0,10.0,29.0
Green-winged Teal,9.722517967224121,3.1768529415130615,12.0,13.0,8.0
Gull-billed Tern,18.977506637573242,9.671896934509277,0.0,19.0,5.0
Gyrfalcon,9.926816940307617,12.213361740112305,1.0,13.0,20.0
Hairy Woodpecker,2.242675304412842,5.334615707397461,9.0,1.0,30.0
Hammond's Flycatcher,5.851273059844971,8.134109497070312,-1.0,8.0,31.0
Hardhead,4.175788879394531,1.5735458135604858,16.0,4.0,3.0
Harlequin Duck,8.67493724822998,1.8218097686767578,11.0,12.0,1.0
Harris's Hawk,9.583904266357422,12.526272773742676,1.0,13.0,21.0
Harris's Sparrow,3.744187116622925,1.5270859003067017,16.0,2.0,19.0
Hawaiian Crow,10.094027519226074,3.2412679195404053,12.0,14.0,24.0
Hawaiian Goose,-25.977886199951172,-10.0203857421875,4.0,0.0,18.0
Hawaiian Petrel,16.02275848388672,2.0095036029815674,8.0,17.0,27.0
Heermann's Gull,15.45411491394043,3.220350503921509,8.0,16.0,32.0
Helmeted Guineafowl,7.1185760498046875,5.572999954223633,22.0,11.0,4.0
Hermit Thrush,5.538343906402588,3.5841636657714844,22.0,7.0,11.0
Herring Gull,17.097923278808594,5.460893630981445,5.0,18.0,3.0
Himalayan Cuckoo,19.185726165771484,9.533108711242676,0.0,19.0,25.0
Hooded Merganser,17.674968719482422,5.862712383270264,5.0,18.0,4.0
Hooded Warbler,18.98955535888672,9.49929141998291,0.0,19.0,6.0
Horned Grebe,15.155709266662598,3.1598548889160156,8.0,16.0,33.0
Horned Lark,3.669606924057007,3.143549680709839,18.0,3.0,3.0
Horned Puffin,15.239649772644043,2.981200695037842,8.0,16.0,18.0
Horned Screamer,-25.939136505126953,-10.217291831970215,4.0,0.0,19.0
Hottentot Teal,7.340662479400635,2.628349542617798,14.0,10.0,15.0
House Finch,-25.940324783325195,-10.14140796661377,4.0,0.0,20.0
House Sparrow,4.165301322937012,1.8952734470367432,16.0,4.0,4.0
House Wren,4.081989288330078,5.343969821929932,25.0,5.0,35.0
Hutton's Vireo,4.47373628616333,6.630806922912598,-1.0,6.0,9.0
Imperial Cormorant,17.443561553955078,-0.565825879573822,2.0,17.0,8.0
Indigo Bunting,5.676537990570068,3.7947020530700684,22.0,7.0,12.0
Ivory-billed Woodpecker,6.415495872497559,4.9099321365356445,22.0,9.0,12.0
Kelp Goose,3.7021753787994385,1.0265564918518066,17.0,2.0,20.0
Kentucky Warbler,7.540477752685547,7.613920211791992,20.0,11.0,33.0
Kerguelen Petrel,17.49186134338379,-0.6143332123756409,2.0,17.0,9.0
Killdeer,6.882232189178467,3.227656126022339,14.0,9.0,5.0
King Eider,7.2258524894714355,5.63407039642334,22.0,11.0,5.0
King Penguin,15.573182106018066,2.712520122528076,8.0,16.0,19.0
King Rail,10.08931827545166,3.4355738162994385,12.0,14.0,25.0
Kirtland's Warbler,3.3543543815612793,3.097801685333252,18.0,3.0,4.0
Ladder-backed Woodpecker,19.091012954711914,9.670513153076172,0.0,19.0,26.0
Lapland Longspur,4.310746669769287,6.279444217681885,-1.0,6.0,10.0
Lark Sparrow,5.437586307525635,3.4815328121185303,22.0,7.0,13.0
Laysan Albatross,16.134592056274414,1.6822738647460938,8.0,17.0,21.0
LeConte's Sparrow,3.8248677253723145,5.109727382659912,25.0,3.0,26.0
Leach's Storm-Petrel,15.825395584106445,1.6792497634887695,8.0,16.0,4.0
Least Auklet,10.854809761047363,1.757051706314087,13.0,14.0,3.0
Least Bittern,17.640430450439453,5.556937217712402,5.0,18.0,5.0
Least Flycatcher,4.3480634689331055,3.2539591789245605,18.0,5.0,21.0
Least Grebe,19.002979278564453,9.597335815429688,0.0,19.0,27.0
Least Sandpiper,19.191349029541016,9.484142303466797,0.0,19.0,28.0
Lesser Antillean Pewee,7.627905368804932,6.189550876617432,21.0,11.0,15.0
Lesser Black-backed Gull,17.562597274780273,5.474271297454834,5.0,18.0,6.0
Lesser Frigatebird,17.481351852416992,-0.6042529344558716,2.0,17.0,10.0
Lesser Goldfinch,3.848954916000366,1.6412538290023804,16.0,2.0,21.0
Lesser Prairie-Chicken,7.185328483581543,5.584635257720947,22.0,11.0,6.0
Lesser Scaup,7.850245475769043,1.326928734779358,11.0,10.0,5.0
Lesser White-fronted Goose,-25.851831436157227,-10.03868579864502,4.0,0.0,21.0
Lesser Yellowlegs,10.180936813354492,3.550729990005493,12.0,14.0,26.0
Lewis's Woodpecker,4.902254581451416,2.9184534549713135,22.0,5.0,6.0
Light-mantled Albatross,10.841771125793457,2.494128942489624,13.0,14.0,9.0
Limpkin,7.506864547729492,2.4884350299835205,14.0,10.0,16.0
Lincoln's Sparrow,6.793432712554932,5.327299118041992,22.0,9.0,26.0
Little Bittern,18.529090881347656,9.783849716186523,0.0,19.0,7.0
Little Blue Heron,11.277093887329102,3.297633171081543,10.0,15.0,30.0
Little Egret,19.144285202026367,9.647749900817871,0.0,19.0,29.0
Little Hermit,3.118975877761841,3.061281442642212,18.0,3.0,5.0
Little Penguin,17.465978622436523,-0.5880281329154968,2.0,17.0,11.0
Loggerhead Kingbird,5.677250862121582,6.190299987792969,23.0,8.0,18.0
Loggerhead Shrike,9.016281127929688,12.57942008972168,1.0,13.0,22.0
Long-billed Dowitcher,6.849206447601318,5.216958999633789,22.0,9.0,27.0
Long-billed Thrasher,9.541443824768066,3.1887645721435547,12.0,13.0,9.0
Long-eared Owl,8.689929008483887,13.438237190246582,1.0,12.0,30.0
Long-tailed Cormorant,18.387630462646484,6.034120082855225,6.0,18.0,20.0
Long-tailed Duck,6.144064903259277,4.483173370361328,22.0,9.0,13.0
Long-tailed Hermit,3.422107458114624,4.403622627258301,-1.0,3.0,21.0
Long-tailed Jaeger,15.849699020385742,1.5154435634613037,8.0,16.0,5.0
Louisiana Waterthrush,9.82862377166748,3.323023796081543,12.0,13.0,10.0
Lucy's Warbler,4.285953044891357,7.66404914855957,15.0,6.0,26.0
MacGillivray's Warbler,5.824315071105957,8.14632511138916,-1.0,8.0,32.0
Macaroni Penguin,10.66124439239502,2.597445249557495,13.0,14.0,10.0
Magnificent Frigatebird,16.066864013671875,2.0074710845947266,8.0,17.0,28.0
Magnolia Warbler,3.7909796237945557,3.403149127960205,18.0,3.0,6.0
Magpie Goose,-25.886091232299805,-10.12096118927002,4.0,0.0,22.0
Mallard,6.612496376037598,2.8473916053771973,14.0,8.0,3.0
Malleefowl,-25.187620162963867,-10.087139129638672,3.0,0.0,23.0
Maned Duck,-24.919715881347656,-10.134515762329102,3.0,1.0,11.0
Mangrove Cuckoo,7.542608737945557,7.62338399887085,20.0,11.0,34.0
Manx Shearwater,15.908873558044434,2.1909639835357666,8.0,16.0,20.0
Marbled Murrelet,14.973575592041016,2.8633811473846436,8.0,16.0,8.0
Marbled Teal,5.20001745223999,2.3043766021728516,14.0,6.0,1.0
Marsh Wren,6.851449489593506,7.514243125915527,-1.0,10.0,30.0
Masked Booby,15.575697898864746,3.373922348022461,8.0,16.0,34.0
McCown's Longspur,6.01186466217041,4.608585357666016,22.0,9.0,14.0
Merlin,10.04219913482666,12.102965354919434,1.0,14.0,35.0
Mew Gull,15.473414421081543,3.1926116943359375,8.0,16.0,35.0
Mississippi Kite,18.583032608032227,9.677275657653809,0.0,19.0,8.0
Montezuma Quail,6.360091209411621,5.5718994140625,22.0,9.0,28.0
Moseley's Rockhopper Penguin,13.580994606018066,2.1205921173095703,7.0,15.0,13.0
Mottled Petrel,13.498080253601074,2.2226343154907227,7.0,15.0,14.0
Mountain Bluebird,4.724611282348633,5.998947620391846,-1.0,5.0,36.0
Mountain Chickadee,3.171743869781494,3.308907985687256,18.0,3.0,7.0
Mountain Quail,5.77960205078125,4.067647933959961,22.0,7.0,30.0
Mourning Dove,7.047929286956787,2.710115909576416,14.0,10.0,17.0
Mourning Warbler,3.321929693222046,3.713404893875122,18.0,3.0,8.0
Muscovy Duck,3.7681972980499268,1.5332638025283813,16.0,2.0,22.0
Musk Duck,7.0523362159729,5.426142692565918,22.0,11.0,7.0
Mute Swan,10.350600242614746,2.8040292263031006,13.0,14.0,11.0
Nashville Warbler,3.6411349773406982,3.7896103858947754,18.0,3.0,9.0
Neotropic Cormorant,11.409104347229004,3.3443613052368164,10.0,15.0,31.0
New Zealand Scaup,7.37655782699585,2.6068806648254395,14.0,10.0,18.0
Northern Beardless-Tyrannulet,18.877286911010742,9.45777702331543,0.0,19.0,9.0
Northern Bobwhite,5.737695693969727,2.588656187057495,14.0,7.0,0.0
Northern Cardinal,7.26477575302124,2.599630117416382,14.0,10.0,19.0
Northern Flicker,6.181834697723389,5.694360733032227,23.0,9.0,29.0
Northern Fulmar,13.962868690490723,2.958714723587036,7.0,15.0,15.0
Northern Gannet,15.52607536315918,3.340386390686035,8.0,16.0,36.0
Northern Giant-Petrel,12.858160972595215,2.2485244274139404,7.0,15.0,0.0
Northern Goshawk,9.573465347290039,12.523723602294922,1.0,13.0,23.0
Northern Harrier,9.43187141418457,12.57890796661377,1.0,13.0,24.0
Northern Hawk Owl,8.643220901489258,13.492127418518066,1.0,12.0,31.0
Northern Mockingbird,4.101088047027588,2.913602113723755,18.0,5.0,7.0
Northern Parula,3.826107978820801,7.125439167022705,-1.0,4.0,34.0
Northern Pintail,5.794458389282227,2.3839614391326904,14.0,7.0,1.0
Northern Pygmy-Owl,8.776323318481445,13.308446884155273,1.0,12.0,32.0
Northern Rough-winged Swallow,8.217595100402832,6.92964506149292,21.0,12.0,7.0
Northern Saw-whet Owl,8.72921085357666,13.468114852905273,1.0,12.0,33.0
Northern Shoveler,7.40509033203125,2.651787757873535,14.0,10.0,20.0
Northern Shrike,9.127593040466309,12.751639366149902,1.0,13.0,25.0
Northern Slaty-Antshrike,6.987733840942383,7.971364974975586,20.0,10.0,31.0
Northern Waterthrush,4.866305828094482,4.450895309448242,23.0,5.0,29.0
Northern Wheatear,3.8628814220428467,5.1436333656311035,25.0,3.0,27.0
Northwestern Crow,11.391717910766602,3.3778645992279053,10.0,15.0,32.0
Nuttall's Woodpecker,6.430179119110107,4.936694622039795,22.0,9.0,15.0
Oak Titmouse,5.533601760864258,4.191646575927734,22.0,7.0,31.0
Ocellated Antbird,4.202878952026367,7.651615619659424,15.0,6.0,27.0
Ochre-bellied Flycatcher,3.328134775161743,6.846771240234375,-1.0,4.0,18.0
Olive-sided Flycatcher,6.6279072761535645,7.231860160827637,-1.0,10.0,32.0
Orange-cheeked Waxbill,-25.999725341796875,-10.07694149017334,4.0,0.0,24.0
Orange-crowned Warbler,4.981598854064941,7.800439834594727,15.0,6.0,28.0
Oriental Darter,17.802358627319336,5.635839939117432,5.0,18.0,7.0
Osprey,18.479536056518555,6.125767230987549,6.0,18.0,21.0
Ovenbird,6.462888717651367,2.995543956756592,14.0,9.0,0.0
Pacific Black Duck,3.8985209465026855,1.171674132347107,16.0,2.0,23.0
Pacific-slope Flycatcher,8.113536834716797,6.883012771606445,21.0,12.0,8.0
Painted Bunting,4.463682651519775,1.963545322418213,16.0,4.0,5.0
Palm Warbler,18.901391983032227,9.410808563232422,0.0,19.0,10.0
Paradise Shelduck,5.694820880889893,2.4953272342681885,14.0,7.0,2.0
Parakeet Auklet,13.980575561523438,2.9541354179382324,7.0,15.0,16.0
Parasitic Jaeger,17.50334358215332,-0.6265408396720886,2.0,17.0,12.0
Passenger Pigeon,4.093993186950684,1.7570626735687256,16.0,4.0,6.0
Pearly-eyed Thrasher,3.267735719680786,3.1334633827209473,18.0,3.0,10.0
Pectoral Sandpiper,9.991744995117188,3.413533926010132,12.0,13.0,11.0
Pelagic Cormorant,17.126605987548828,5.46363639831543,5.0,18.0,8.0
Peregrine Falcon,9.718831062316895,12.415450096130371,1.0,13.0,26.0
Peruvian Booby,18.364307403564453,5.971898555755615,6.0,18.0,12.0
Peruvian Diving-Petrel,11.686777114868164,3.3344595432281494,10.0,15.0,33.0
Philadelphia Vireo,3.2870419025421143,3.633937358856201,18.0,3.0,11.0
Phoenix Petrel,16.012516021728516,1.2841784954071045,8.0,17.0,22.0
Pied-billed Grebe,11.319098472595215,3.1878204345703125,10.0,15.0,34.0
Pigeon Guillemot,10.597525596618652,2.596649169921875,13.0,14.0,12.0
Pileated Woodpecker,7.782848834991455,6.493832588195801,21.0,11.0,16.0
Pine Grosbeak,7.82046365737915,6.608348369598389,21.0,11.0,17.0
Pine Siskin,19.219257354736328,9.773061752319336,0.0,19.0,30.0
Pine Warbler,1.6296340227127075,5.4073286056518555,9.0,1.0,22.0
Pink-eared Duck,7.298488140106201,4.931921005249023,-1.0,10.0,25.0
Pink-footed Goose,-25.900379180908203,-10.230907440185547,4.0,0.0,25.0
Pink-footed Shearwater,15.59827995300293,2.658876419067383,8.0,16.0,21.0
Pinyon Jay,3.4800097942352295,6.793076992034912,-1.0,4.0,19.0
Plain Chachalaca,5.743154525756836,2.522897958755493,14.0,7.0,3.0
Plain Xenops,7.128747940063477,7.933411598205566,20.0,11.0,35.0
Plain-brown Woodcreeper,4.256986141204834,7.684505939483643,15.0,6.0,29.0
Plumed Whistling-Duck,-24.99393653869629,-10.132651329040527,3.0,1.0,12.0
Pomarine Jaeger,17.394908905029297,-0.5091624855995178,2.0,17.0,13.0
Poo-uli,7.3428473472595215,2.6039223670959473,14.0,10.0,21.0
Prairie Falcon,9.356392860412598,12.64574909210205,1.0,13.0,27.0
Prairie Warbler,4.98223352432251,7.658695220947266,15.0,6.0,30.0
Prothonotary Warbler,5.188745021820068,8.038640022277832,15.0,8.0,33.0
Puerto Rican Bullfinch,5.855765342712402,4.141939163208008,22.0,7.0,32.0
Puerto Rican Emerald,4.223079204559326,7.667652606964111,15.0,6.0,31.0
Puerto Rican Flycatcher,6.038186073303223,4.420802593231201,22.0,9.0,16.0
Puerto Rican Lizard-Cuckoo,5.502443313598633,6.339280605316162,23.0,8.0,19.0
Puerto Rican Oriole,2.9928534030914307,7.32865571975708,19.0,1.0,34.0
Puerto Rican Screech-Owl,5.45822286605835,6.366085529327393,23.0,8.0,20.0
Puerto Rican Spindalis,5.463598728179932,3.5130724906921387,22.0,7.0,14.0
Puerto Rican Tanager,4.679083347320557,6.0564751625061035,-1.0,6.0,11.0
Puerto Rican Tody,3.9518327713012695,6.8391313552856445,-1.0,4.0,20.0
Puerto Rican Vireo,3.6818032264709473,6.547128677368164,24.0,4.0,21.0
Puerto Rican Woodpecker,5.870573997497559,6.0256428718566895,23.0,8.0,21.0
Purple Finch,4.375563621520996,1.8685189485549927,16.0,4.0,7.0
Purple Gallinule,3.983609914779663,3.2545719146728516,18.0,3.0,12.0
Purple Heron,8.848243713378906,12.33545970916748,1.0,12.0,20.0
Purple Martin,19.211023330688477,9.76654052734375,0.0,19.0,31.0
Purple Sandpiper,5.730875015258789,8.138752937316895,-1.0,8.0,34.0
Pygmy Cormorant,18.383949279785156,6.083525657653809,6.0,18.0,22.0
Pygmy Nuthatch,6.485030651092529,5.019955158233643,22.0,9.0,30.0
Pyrrhuloxia,4.4228620529174805,1.8939974308013916,16.0,4.0,8.0
Radjah Shelduck,-26.03387451171875,-9.97032642364502,4.0,0.0,34.0
Red Crossbill,1.6559182405471802,5.358516693115234,9.0,1.0,23.0
Red Knot,4.6999006271362305,2.264986276626587,16.0,5.0,8.0
Red Phalarope,10.74630355834961,2.6578731536865234,13.0,14.0,13.0
Red-bellied Woodpecker,3.8227128982543945,3.5382394790649414,18.0,3.0,13.0
Red-billed Duck,7.458805084228516,4.796390533447266,-1.0,10.0,26.0
Red-billed Tropicbird,15.35107707977295,3.0286738872528076,8.0,17.0,29.0
Red-breasted Merganser,18.429340362548828,6.060357570648193,6.0,18.0,23.0
Red-breasted Nuthatch,4.046092987060547,5.642885208129883,25.0,6.0,2.0
Red-breasted Sapsucker,5.598364353179932,3.8432323932647705,22.0,7.0,15.0
Red-capped Manakin,-25.129091262817383,-10.064659118652344,3.0,0.0,26.0
Red-capped Parrot,-26.009021759033203,-10.201712608337402,4.0,0.0,0.0
Red-cockaded Woodpecker,3.981940984725952,6.113742828369141,-1.0,4.0,22.0
Red-eared Parakeet,-26.170541763305664,-10.241558074951172,4.0,0.0,1.0
Red-eyed Vireo,3.767587661743164,3.667001485824585,18.0,3.0,14.0
Red-faced Cormorant,8.045463562011719,1.4297113418579102,11.0,12.0,2.0
Red-faced Guan,5.35874605178833,3.38433575630188,22.0,7.0,16.0
Red-footed Booby,15.746649742126465,2.4654743671417236,8.0,16.0,22.0
Red-headed Woodpecker,5.586361885070801,4.036686420440674,22.0,7.0,33.0
Red-legged Kittiwake,14.00801944732666,2.9487037658691406,7.0,16.0,9.0
Red-legged Thrush,5.598062038421631,6.172665596008301,23.0,8.0,22.0
Red-necked Grebe,8.018416404724121,1.449217438697815,11.0,12.0,3.0
Red-necked Phalarope,4.485264778137207,4.042592525482178,-1.0,5.0,30.0
Red-shouldered Hawk,8.80925178527832,12.30428695678711,1.0,12.0,21.0
Red-tailed Hawk,8.895187377929688,13.052600860595703,1.0,12.0,34.0
Red-tailed Tropicbird,16.21614646911621,1.8686401844024658,8.0,17.0,23.0
Red-throated Loon,18.41775894165039,6.056643009185791,6.0,18.0,24.0
Red-winged Blackbird,3.7517974376678467,6.512458801269531,24.0,4.0,23.0
Reddish Egret,17.491369247436523,5.484055042266846,5.0,18.0,9.0
Redhead,3.3881821632385254,0.34219619631767273,17.0,2.0,10.0
Rhinoceros Auklet,15.67101001739502,2.549313545227051,8.0,16.0,23.0
Ring-necked Duck,7.801997661590576,1.4184629917144775,11.0,10.0,6.0
Ring-necked Pheasant,5.314002513885498,2.341810703277588,14.0,7.0,4.0
Rivoli's Hummingbird,2.9949703216552734,7.314565658569336,19.0,1.0,35.0
Rock Pigeon,5.022634029388428,4.521205902099609,23.0,7.0,34.0
Rock Ptarmigan,5.925461292266846,3.5538182258605957,-1.0,7.0,17.0
Rock Wren,5.13073205947876,7.971839904785156,15.0,8.0,26.0
Rose-breasted Grosbeak,5.317704677581787,3.9147207736968994,-1.0,7.0,18.0
Roseate Spoonbill,7.691080093383789,5.889353275299072,21.0,11.0,8.0
Roseate Tern,18.426223754882812,6.068936347961426,6.0,18.0,25.0
Ross's Goose,-25.945898056030273,-10.0001802444458,4.0,0.0,27.0
Rough-legged Hawk,8.858184814453125,13.182467460632324,1.0,12.0,35.0
Royal Penguin,13.462864875793457,2.1695973873138428,7.0,15.0,17.0
Royal Tern,18.10352897644043,5.929374694824219,6.0,18.0,13.0
Ruby-crowned Kinglet,6.661777019500732,7.028587341308594,-1.0,10.0,33.0
Ruby-throated Hummingbird,3.3730783462524414,7.196355819702148,-1.0,4.0,35.0
Ruddy Duck,7.812145233154297,1.309793472290039,11.0,10.0,7.0
Ruddy Quail-Dove,-25.820724487304688,-10.200515747070312,4.0,0.0,28.0
Ruddy Woodcreeper,2.975374698638916,7.353487014770508,19.0,1.0,36.0
Ruddy-headed Goose,-26.110265731811523,-9.881247520446777,4.0,0.0,35.0
Ruddy-tailed Flycatcher,7.078297138214111,7.937354564666748,20.0,11.0,36.0
Ruffed Grouse,3.362558603286743,3.443664312362671,18.0,3.0,15.0
Rufous Motmot,4.663471221923828,3.2361464500427246,-1.0,5.0,22.0
Rusty Blackbird,5.746873378753662,4.055872917175293,22.0,7.0,35.0
Sabine's Gull,19.14218521118164,9.419536590576172,0.0,19.0,32.0
Sagebrush Sparrow,4.4385480880737305,1.8857574462890625,16.0,4.0,9.0
Saltmarsh Sparrow,4.010209560394287,3.6065070629119873,18.0,5.0,23.0
Salvin's Curassow,-26.074575424194336,-10.0839262008667,4.0,0.0,2.0
Sandhill Crane,5.068246364593506,4.556710243225098,23.0,7.0,36.0
Sandwich Tern,18.404823303222656,6.054528713226318,6.0,18.0,26.0
Savannah Sparrow,9.726720809936523,3.261995553970337,12.0,13.0,12.0
Say's Phoebe,6.400295734405518,7.195146083831787,-1.0,10.0,34.0
Scaly-naped Pigeon,-25.99935531616211,-10.06084156036377,4.0,0.0,29.0
Scaly-throated Leaftosser,4.479281902313232,7.812772274017334,15.0,6.0,32.0
Scarlet Tanager,3.8418052196502686,1.6601297855377197,16.0,2.0,24.0
Scissor-tailed Flycatcher,6.982208728790283,5.477715492248535,22.0,9.0,31.0
Screaming Piha,-25.860301971435547,-10.172816276550293,4.0,0.0,30.0
Seaside Sparrow,3.8814971446990967,3.718783378601074,18.0,3.0,16.0
Semipalmated Sandpiper,7.76691198348999,7.387755393981934,20.0,12.0,9.0
Sharp-shinned Hawk,9.971197128295898,12.167765617370605,1.0,13.0,28.0
Sharp-tailed Grouse,6.294219970703125,4.721454620361328,22.0,9.0,17.0
Sharp-tailed Sandpiper,10.116286277770996,3.4550676345825195,12.0,14.0,27.0
Short-billed Dowitcher,6.30116081237793,4.581217288970947,22.0,9.0,18.0
Short-eared Owl,8.66943073272705,13.418041229248047,1.0,12.0,36.0
Short-tailed Hawk,10.081767082214355,12.064069747924805,1.0,14.0,36.0
Short-tailed Shearwater,14.013669967651367,2.8018813133239746,7.0,16.0,10.0
Sickle-winged Guan,-25.992799758911133,-10.05538558959961,4.0,0.0,31.0
Smith's Longspur,4.955265045166016,2.8894412517547607,22.0,5.0,9.0
Smooth-billed Ani,4.207301616668701,6.047360897064209,24.0,6.0,12.0
Snail Kite,7.421675205230713,2.566364288330078,14.0,10.0,22.0
Snow Bunting,5.685042381286621,5.546752452850342,23.0,8.0,13.0
Snow Goose,-25.202587127685547,-10.239181518554688,3.0,0.0,32.0
Snow Petrel,11.64110279083252,3.3014752864837646,10.0,15.0,35.0
Snowy Egret,11.476356506347656,3.383544445037842,10.0,15.0,36.0
Snowy Owl,8.752707481384277,13.351521492004395,1.0,13.0,33.0
Soft-plumaged Petrel,17.457406997680664,-0.5799299478530884,2.0,17.0,14.0
Song Sparrow,4.68796968460083,5.513493537902832,-1.0,6.0,3.0
Song Wren,2.986295223236084,7.266571998596191,19.0,2.0,35.0
Sooty Albatross,17.50249671936035,-0.6251590251922607,2.0,17.0,15.0
Sooty Grouse,10.142958641052246,3.4601030349731445,12.0,14.0,28.0
Sooty Shearwater,15.249573707580566,2.910297155380249,8.0,16.0,24.0
Sooty Tern,16.256988525390625,1.8538988828659058,8.0,17.0,24.0
Sora,6.031876564025879,2.6919214725494385,14.0,9.0,1.0
South American Tern,18.43674659729004,6.0748372077941895,6.0,18.0,27.0
South Georgia Diving-Petrel,10.775894165039062,2.043785333633423,13.0,14.0,14.0
South Polar Skua,10.623638153076172,2.761937379837036,13.0,14.0,15.0
Southern Bentbill,5.8535895347595215,8.084627151489258,-1.0,8.0,35.0
Southern Fulmar,13.161745071411133,2.217048168182373,7.0,15.0,18.0
Southern Giant-Petrel,12.72824764251709,2.2589468955993652,7.0,15.0,1.0
Southern Pochard,-26.041025161743164,-9.932363510131836,4.0,0.0,36.0
Southern Rockhopper Penguin,13.554905891418457,2.138732671737671,7.0,15.0,19.0
Spectacled Eider,7.883223056793213,1.3905606269836426,11.0,10.0,8.0
Spotted Antbird,7.145776748657227,7.882544994354248,20.0,12.0,10.0
Spotted Dove,5.088925361633301,3.0717618465423584,22.0,7.0,19.0
Spotted Owl,9.014688491821289,12.733715057373047,1.0,13.0,29.0
Spotted Sandpiper,10.643805503845215,2.6522114276885986,13.0,14.0,16.0
Spotted Towhee,5.931741714477539,4.320547103881836,22.0,8.0,4.0
Sprague's Pipit,4.461106777191162,6.037565231323242,-1.0,6.0,13.0
Spruce Grouse,2.0261857509613037,5.376941204071045,9.0,1.0,31.0
Spur-winged Goose,-25.341466903686523,-10.090508460998535,3.0,0.0,33.0
Squacco Heron,18.376562118530273,9.749397277832031,0.0,19.0,11.0
Steller's Eider,10.191843032836914,2.513470411300659,13.0,14.0,17.0
Steller's Jay,4.57141637802124,5.8058576583862305,-1.0,6.0,4.0
Stilt Sandpiper,5.8544840812683105,3.899587392807007,22.0,7.0,20.0
Striated Heron,10.61092758178711,2.5845699310302734,13.0,14.0,18.0
Sulphur-bellied Flycatcher,7.5843048095703125,7.6475725173950195,20.0,12.0,11.0
Summer Tanager,4.151388645172119,2.8761980533599854,18.0,5.0,10.0
Sunda Teal,4.974233627319336,2.9398114681243896,22.0,5.0,11.0
Surf Scoter,7.9359636306762695,1.4059641361236572,11.0,10.0,9.0
Swainson's Hawk,8.886561393737793,12.461709022521973,1.0,12.0,22.0
Swainson's Thrush,3.7297794818878174,5.233125686645508,25.0,3.0,28.0
Swainson's Warbler,5.4238457679748535,6.33467960357666,23.0,8.0,23.0
Swallow-tailed Kite,8.744041442871094,11.976757049560547,1.0,12.0,14.0
Swamp Sparrow,4.92392635345459,2.8976001739501953,22.0,5.0,12.0
Swan Goose,-25.979694366455078,-10.167531967163086,4.0,1.0,0.0
Tennessee Warbler,7.082642555236816,7.938982963562012,20.0,12.0,12.0
Thick-billed Murre,13.837604522705078,2.4295403957366943,7.0,15.0,20.0
Thick-billed Parrot,1.635011076927185,5.3823347091674805,9.0,1.0,24.0
Townsend's Solitaire,3.9572412967681885,5.39400577545166,25.0,3.0,29.0
Townsend's Warbler,6.968785762786865,8.025899887084961,20.0,10.0,35.0
Tree Swallow,3.3227803707122803,3.8116211891174316,18.0,3.0,17.0
Tricolored Blackbird,6.019497394561768,5.63374662399292,23.0,9.0,32.0
Tricolored Heron,17.162324905395508,5.544620513916016,5.0,18.0,10.0
Tristram's Storm-Petrel,15.976958274841309,1.6904008388519287,8.0,16.0,6.0
Tropical Kingbird,19.177766799926758,9.518132209777832,0.0,19.0,33.0
Trumpeter Swan,3.4340744018554688,0.3702070415019989,17.0,2.0,11.0
Tufted Duck,7.861743927001953,1.338494896888733,11.0,10.0,10.0
Tufted Puffin,15.150810241699219,2.977206230163574,8.0,16.0,25.0
Tufted Titmouse,5.842013835906982,8.12014389038086,-1.0,8.0,36.0
Tundra Swan,3.8337814807891846,0.9556973576545715,17.0,2.0,12.0
Turkey Vulture,9.030837059020996,12.657442092895508,1.0,13.0,30.0
Turkey/Black Vulture,-25.09183692932129,-10.053608894348145,3.0,1.0,1.0
Upland Goose,-25.833663940429688,-10.02377986907959,4.0,1.0,2.0
Upland Sandpiper,10.224837303161621,3.2700629234313965,12.0,14.0,29.0
Variable Hawk,8.742021560668945,13.3367280960083,1.0,13.0,34.0
Varied Thrush,4.362231254577637,2.0321414470672607,16.0,5.0,13.0
Vaux's Swift,19.026708602905273,9.558916091918945,0.0,19.0,34.0
Veery,3.639876127243042,5.127392768859863,25.0,3.0,30.0
Verdin,3.8784823417663574,5.737707138061523,-1.0,3.0,31.0
Vesper Sparrow,5.401371955871582,5.5787353515625,23.0,8.0,14.0
Violet-bellied Hummingbird,3.406118869781494,6.714409351348877,-1.0,4.0,24.0
Violet-green Swallow,18.88429832458496,9.7305269241333,0.0,19.0,12.0
Virginia Rail,9.47201156616211,3.238145589828491,12.0,13.0,13.0
Wandering Albatross,17.55385971069336,-0.6764232516288757,2.0,17.0,16.0
Wandering Whistling-Duck,3.805983543395996,1.0443618297576904,17.0,2.0,25.0
Warbling Vireo,3.811366558074951,3.7613749504089355,18.0,3.0,18.0
Wedge-tailed Shearwater,15.729640007019043,2.438824415206909,8.0,16.0,26.0
Western Bluebird,6.678613185882568,6.975768566131592,-1.0,9.0,36.0
Western Grebe,17.984086990356445,6.0087385177612305,6.0,18.0,15.0
Western Kingbird,6.161786079406738,5.625070571899414,23.0,9.0,33.0
Western Meadowlark,4.4794416427612305,3.38653826713562,-1.0,5.0,24.0
Western Screech-Owl,9.106781005859375,12.660026550292969,1.0,13.0,31.0
Western Tanager,4.7633843421936035,7.705636024475098,15.0,6.0,33.0
Western Wood-Pewee,7.51328182220459,6.762815952301025,-1.0,11.0,18.0
Whiskered Screech-Owl,8.700444221496582,13.408842086791992,1.0,13.0,35.0
White Ibis,10.732232093811035,2.6700551509857178,13.0,14.0,19.0
White Tern,16.23876190185547,1.874699592590332,8.0,17.0,25.0
White-backed Duck,3.455594778060913,0.3621465861797333,17.0,2.0,13.0
White-breasted Nuthatch,4.125432014465332,2.8179872035980225,18.0,5.0,14.0
White-cheeked Pintail,3.4629952907562256,0.3642686605453491,17.0,2.0,14.0
White-chinned Petrel,13.601625442504883,2.1315767765045166,7.0,15.0,21.0
White-crowned Pigeon,4.260663032531738,1.7829736471176147,16.0,4.0,10.0
White-crowned Sparrow,6.998091697692871,5.474512100219727,22.0,9.0,34.0
White-eared Hummingbird,19.01818084716797,9.594289779663086,0.0,19.0,35.0
White-eyed Vireo,3.8873021602630615,6.451208591461182,24.0,4.0,25.0
White-faced Ibis,7.351492404937744,2.63543701171875,14.0,10.0,23.0
White-faced Whistling-Duck,-25.63766098022461,-10.201807975769043,4.0,1.0,3.0
White-flanked Antwren,2.995748281478882,7.341256618499756,19.0,2.0,36.0
White-headed Petrel,17.461484909057617,-0.5924202799797058,2.0,17.0,17.0
White-headed Woodpecker,3.21606707572937,3.56620192527771,18.0,3.0,19.0
White-naped Jay,3.992792844772339,6.966297626495361,-1.0,4.0,26.0
White-necked Crow,-25.757959365844727,-9.914629936218262,4.0,1.0,14.0
White-shouldered Tanager,3.5466649532318115,2.5218536853790283,-1.0,2.0,30.0
White-tailed Eagle,18.45272445678711,6.097317695617676,6.0,18.0,28.0
White-tailed Hawk,8.750016212463379,11.992910385131836,1.0,12.0,15.0
White-tailed Kite,8.565953254699707,13.58474063873291,1.0,13.0,36.0
White-tailed Ptarmigan,-25.403427124023438,-9.973592758178711,3.0,1.0,15.0
White-tailed Tropicbird,16.249998092651367,1.8578003644943237,8.0,17.0,26.0
White-throated Sparrow,4.956336498260498,2.916656255722046,22.0,5.0,15.0
White-tipped Dove,-25.997051239013672,-10.020946502685547,4.0,1.0,4.0
White-winged Crossbill,7.916568279266357,6.667829990386963,21.0,11.0,19.0
White-winged Dove,6.02521276473999,2.69770884513855,14.0,9.0,2.0
White-winged Scoter,7.943938255310059,1.3975517749786377,11.0,10.0,11.0
Wild Turkey,2.3230490684509277,5.284714698791504,9.0,1.0,32.0
Williamson's Sapsucker,5.849046230316162,5.711667060852051,23.0,8.0,15.0
Willow Flycatcher,5.032454967498779,7.953098297119141,15.0,8.0,27.0
Willow Ptarmigan,5.763051986694336,3.746471881866455,22.0,7.0,21.0
Wilson's Snipe,4.715291976928711,2.524406671524048,-1.0,5.0,16.0
Wilson's Storm-Petrel,13.245113372802734,2.1653599739074707,7.0,16.0,7.0
Wilson's Warbler,4.180323123931885,5.477935791015625,25.0,6.0,5.0
Winter Wren,4.619637966156006,7.904921531677246,15.0,6.0,34.0
Wood Duck,6.068780422210693,4.334597587585449,22.0,9.0,19.0
Wood Stork,18.269845962524414,5.993891716003418,6.0,18.0,14.0
Wood Thrush,4.374235153198242,7.694753170013428,15.0,6.0,35.0
Worm-eating Warbler,6.768063545227051,3.008254289627075,14.0,9.0,6.0
Wrentit,5.177448272705078,5.489952564239502,23.0,8.0,16.0
Yellow Rail,6.743837356567383,3.0888044834136963,14.0,9.0,7.0
Yellow Warbler,4.713902473449707,7.6334710121154785,15.0,6.0,36.0
Yellow-bellied Flycatcher,3.825704336166382,5.747398376464844,-1.0,3.0,32.0
Yellow-bellied Sapsucker,1.7148288488388062,5.390716552734375,9.0,1.0,25.0
Yellow-billed Cuckoo,6.975217342376709,8.040307998657227,20.0,10.0,36.0
Yellow-billed Duck,-25.647541046142578,-10.249579429626465,4.0,1.0,5.0
Yellow-billed Loon,18.395002365112305,6.038077354431152,6.0,18.0,29.0
Yellow-billed Magpie,9.887174606323242,3.6748528480529785,12.0,13.0,14.0
Yellow-billed Pintail,10.201436996459961,2.602738380432129,13.0,14.0,20.0
Yellow-billed Teal,18.67363739013672,9.815581321716309,0.0,19.0,13.0
Yellow-billed/Black-billed Cuckoo,18.52182960510254,9.966808319091797,0.0,19.0,14.0
Yellow-breasted Chat,3.442410469055176,2.701890230178833,18.0,2.0,31.0
Yellow-crowned Night-Heron,10.695854187011719,2.549985647201538,13.0,14.0,21.0
Yellow-headed Blackbird,6.612537860870361,5.1844162940979,22.0,9.0,35.0
Yellow-rumped Warbler,4.039209842681885,5.477090358734131,25.0,6.0,6.0
Yellow-shouldered Blackbird,3.8007609844207764,7.181512355804443,-1.0,4.0,36.0
Yellow-throated Vireo,4.279533863067627,6.969163417816162,-1.0,6.0,14.0
Yellow-throated Warbler,19.076269149780273,9.59449291229248,0.0,19.0,36.0
Zenaida Dove,-25.836467742919922,-10.101295471191406,4.0,1.0,6.0
Zone-tailed Hawk,9.545519828796387,12.478766441345215,1.0,13.0,32.0
American Avocet,,,,,
Black Curassow,,,,,
Black Scoter,,,,,
Black-throated Gray Warbler,,,,,
Caspian Tern,,,,,
Fish Crow,,,,,
Forster's Tern,,,,,
Greater Prairie-Chicken,,,,,
Hermit Warbler,,,,,
Lark Bunting,,,,,
Laughing Gull,,,,,
Lazuli Bunting,,,,,
Least Tern,,,,,
Marail Guan,,,,,
Orchard Oriole,,,,,
Phainopepla,,,,,
Ring-billed Gull,,,,,
Rufous-crowned Sparrow,,,,,
Scaled Quail,,,,,
